sku,marca,tipo,nombre,precio,stock
EQ6423001,Huawei,Equipos,Huawei Mate 40 Pro,900,93
ACC579002,Apple,Accesorios,Apple Earpods Lightning,29,90
EQ73003,Samsung,Equipos,Samsung A02,86,21
EQ56233004,Apple,Equipos,Apple Iphone 12 Pro Max,1259,33
EQ764132005,Samsung,Equipos,Samsung Galaxy S21+ - 128 Gb,881,32
EQ652132006,Xiaomi,Equipos,Xiaomi Redmi 10 - 128 Gb,176,49
EQ6567007,Xiaomi,Equipos,Xiaomi Redmi 9C-128 Gb-Azul,131,42
EQ5623132008,Apple,Equipos,Apple Iphone 13 Pro - 256 Gb,1197,73
EQ5624167132009,Apple,Equipos,Apple Iphone 13 Mini - Blanco Estelar - 128 Gb,761,26
EQ63010,Huawei,Equipos,Huawei Y6P,95,27
EQ65212214011,Xiaomi,Equipos,Xiaomi Redmi 9A - 32 Gb - Azul,65,33
EQ65212215012,Xiaomi,Equipos,Xiaomi Redmi 9A - 32 Gb - Verde,65,38
EQ7642325013,Samsung,Equipos,Samsung Galaxy A52S 5G 128 Gb Negro,314,87
EQ6568014,Xiaomi,Equipos,Xiaomi Redmi 9C-128 Gb-Verde,92,78
EQ5623132015,Apple,Equipos,Apple Iphone 13 Pro - 512 Gb,1436,16
EQ43132166016,Vivo,Equipos,Vivo V20 - 128 Gb  - Sunset Melody,185,26
EQ5622132017,Apple,Equipos,Apple Iphone Se 5G - 256 Gb,647,22
ACC642683018,Huawei,Accesorios,Huawei Mifi 5G Indoor H122-573 Wht,99,16
EQ4413214019,Vivo,Equipos,Vivo Y21S - 128 Gb - Azul,177,88
EQ64132020,Huawei,Equipos,Huawei Nova 9 128 Gb,179,45
EQ562337132021,Apple,Equipos,Apple Iphone 13 Pro Max Grafito - 256 Gb,1235,53
ACC66756022,Huawei,Accesorios,Huawei Router Outdoor B2368 Blanco,89,11
EQ6542265132023,Xiaomi,Equipos,Xiaomi Redmi Note 10 5G Aurora Green - 128 Gb,234,32
EQ56275024,Apple,Equipos,Apple Iphone 14 Blanco- 256Gb,940,24
EQ8452327025,Motorola,Equipos,Motorola Razr Ultra 5G 512 Gb Magenta,881,100
EQ56237515026,Apple,Equipos,Apple Iphone 15 Pro Titanio Black - 512Gb,1484,61
EQ76141232027,Samsung,Equipos,Samsung Galaxy Z Fold 5 5G 256 Gb,1385,61
EQ562615028,Apple,Equipos,Apple Iphone 15 Rosado - 128Gb,890,97
EQ56237415029,Apple,Equipos,Apple Iphone 15 Pro Titanio Azul - 512Gb,1455,50
EQ562337812030,Apple,Equipos,Apple Iphone 15 Pro Max Titanio Natural- 1 Tb,1861,51
EQ6255031,Xiaomi,Equipos,Xiaomi 14 512Gb Black,919,11
EQ832514032,Motorola,Equipos,Motorola G85 5G 256Gb - Gris,247,10
EQ4355033,Vivo,Equipos,Vivo V30 512Gb Negro,504,20
EQ62555034,Xiaomi,Equipos,Xiaomi 14 Ultra 512Gb Black,1187,50
EQ534321532035,Honor,Equipos,Honor 200 Lite 256 Gb + Music Box M1,259,47
EQ5513325036,Honor,Equipos,Honor Magic 6 Pro 512 Gb Green,1088,13
ACC78413037,Samsung,Accesorios,Samsung Cargador Tipo C 25W,24,28
ACC587038,Apple,Accesorios,Apple Cargador Magsafe,44,84
ACC6257039,Xiaomi,Accesorios,Xiaomi Mi Smart Speaker,39,78
ACC593040,Apple,Accesorios,Cable Lightning Usb,19,87
ACC545357041,Power Bank,Accesorios,Power Bank 10000 Mah Carga Rã¡Pida,12,46
ACC6673042,Huawei,Accesorios,Huawei Tablet Matepad T10,89,66
ACC641043,Huawei,Accesorios,Huawei Band 6,39,22
ACC84135044,Bindu,Accesorios,Cargador Tipo C 20W Bindu,7,50
ACC5411035045,Smart Homy,Accesorios,Smart Homy 2 Ampolletas E27 Wi-Fi,16,59
ACC7848046,Intouch,Accesorios,Intouch Audifono True Wireless,19,70
ACC7663222222047,Samsung,Accesorios,Samsung Tablet Galaxy Tab S7 Fe 64 Gb Wi Fi,479,24
ACC682347534048,Xiaomi,Accesorios,Xiaomi Cargador Mi 65W Fast Charger Whith Gan Tech,24,22
ACC7865542531641049,Samsung,Accesorios,Samsung Notebook Galaxy Book2 Intel Core I5 256Gb Ssd + Galaxy Buds 2,599,48
ACC5454223050,Smart Homy,Accesorios,Smart Homy Luces Deco Wi Fi 5Mt,14,79
ACC65336051,Huawei,Accesorios,Huawei Watch Fit New Rosado,59,53
ACC47171323052,Sony,Accesorios,Play Station 5 Digital + God Of War,489,92
ACC6541053,Huawei,Accesorios,Huawei Watch Band 7,37,78
ACC7663243222054,Samsung,Accesorios,Samsung Tablet Galaxy Tab S6 Lite 128 Gb Wi Fi,499,85
ACC8714055,Xiaomi,Accesorios,Electric Scooter 3 Lite,399,44
ACC765146056,Apple,Accesorios,Samsung Galaxy Watch 5 40Mm Silver,124,94
ACC55545057,Apple,Accesorios,Apple Watch Ultra 49Mm Black,799,65
ACC765146058,Samsung,Accesorios,Samsung Galaxy Watch 5 40Mm Rosado,189,37
ACC662224059,Lenovo,Accesorios,Lenovo Tablet M9 64 Gb Wifi,134,21
ACC78453060,Samsung,Accesorios,Samsung Cargador Auto Doble 40W,23,58
ACC495061,Bose,Accesorios,Bose Soundlink Micro,119,78
ACC87154233534062,Lenovo,Accesorios,Notebook Ideapad 1 Intel Core I3 8Gb Ram 512Gb Ssd 15.6,349,90
ACC6632233063,Lenovo,Accesorios,Lenovo Tablet M10 64 Gb  3Ra Gen,159,40
ACC65516064,Xiaomi,Accesorios,Xiaomi Redmi Watch 3 Active,34,16
ACC107355065,Intouch,Accesorios,Audã­Fonos Intouch Tws Gamer Rogue,16,55
ACC663321517066,Lenovo,Accesorios,Lenovo Tablet P12 256 Gb + Lapiz + Teclado,399,35
ACC783067,Sony,Accesorios,Soporte Vertical Ps5,25,17
ACC556148318068,Apple,Accesorios,Apple Watch Series 9 45Mm Aluminio Gps + Cellular,519,12
ACC543422069,Apple,Accesorios,Apple Ipad 9Na 10.2  64 Gb,309,86
ACC10344070,JBL,Accesorios,Audã­Fonos Jbl Wave Buds,59,68
ACC79826071,Intouch,Accesorios,Intouch Powerbank 10000Mah +3 Cables,21,61
ACC1037072,Intouch,Accesorios,Audã­Fonos Tws Crystal,16,97
ACC109073,Philips,Accesorios,Audã­Fonos Tat1207Bk,19,50
ACC2378074,Xiaomi,Accesorios,Mi 20W Charger (Type-C),12,90
ACC6551075,Xiaomi,Accesorios,Xiaomi Redmi Watch 4,89,25
